csf	constant	linearTrend	wm	global	motion-pitch	motion-roll	motion-yaw	motion-x	motion-y	motion-z	gm	compcor1	compcor2	compcor3	compcor4	compcor5
9855.961251395089	1.0	0.0	8790.402292306082	9953.882622624036	0.3545	-0.0699	-0.073	-0.064	-0.0487	-0.1773	9346.296611867052	-0.059963383652587326	0.03363272970954183	-0.05638142592800485	0.08463808906356282	-0.08046101118905616
9833.34898158482	1.0	1.0	8787.599319893974	9969.236282512476	0.3481	-0.0805	-0.0743	-0.0605	-0.0161	-0.1718	9350.772007881327	0.010282740497727372	-0.018420468145411983	-0.12348032170122047	0.04610036674430873	0.017711331760860538
9786.438162667411	1.0	2.0	8789.977920386904	9966.489455432635	0.3197	-0.0806	-0.0701	-0.0749	-0.0716	-0.1581	9357.295034427016	-0.13375455954681081	0.040415297588310334	-0.12406476797864086	0.03483483145020572	0.04287470619645997
9844.246372767857	1.0	3.0	8778.552277483259	9971.863438398204	0.3213	-0.0933	-0.0586	-0.0819	-0.0402	-0.148	9359.745527566287	0.028689286903604116	-0.08020937592288821	-0.04712120535291825	0.07401376503472296	0.008566167945505576
9816.67613002232	1.0	4.0	8792.570603434246	9977.81621283561	0.3141	-0.1032	-0.0439	-0.0659	-0.0515	-0.1566	9360.2110455216	0.01941526114379971	0.07243210235494857	-0.12094095152748355	0.07340408166156417	-0.07128593861665741
9878.069719587054	1.0	5.0	8790.873810977027	9983.564952402545	0.3062	-0.0976	-0.0436	-0.0542	-0.0446	-0.1667	9371.967690133955	0.03695529952764405	0.062118081386346335	-0.025073879954750744	0.06744091557013149	-0.1445358733056291
9832.959507533482	1.0	6.0	8798.995595296225	9983.643728569246	0.308	-0.0951	-0.054	-0.0482	-0.1065	-0.112	9361.282347939232	-0.0022839299557211867	-0.02745920734760482	-0.0338465983210231	0.14531216697677146	0.03807775855941761
9822.628383091518	1.0	7.0	8767.437901669457	9985.289643272672	0.2941	-0.0572	-0.0772	-0.0349	-0.1316	-0.047	9380.988108990963	0.023879160544389374	0.11631960008243947	-0.032594817993215786	0.0689713867999791	0.11778201850444692
9879.013148716518	1.0	8.0	8782.402628871372	9999.049770575602	0.3255	-0.071	-0.1092	-0.0677	0.0729	-0.1375	9390.02503807909	-0.011739752094673286	0.1209540112985004	-0.05204795783042704	0.08566005201508364	0.07240801522189788
9858.728759765625	1.0	9.0	8777.175622849238	9991.992687148753	0.2812	-0.0427	-0.0808	-0.0698	-0.033	-0.1009	9386.436735865225	-0.06021788600977441	0.09794739716487298	0.008517921208553825	0.0288669161957546	-0.06051032771662199
9770.008475167411	1.0	10.0	8767.27906697591	9996.65374398561	0.3236	-0.0481	-0.0623	-0.0518	-0.0296	-0.1166	9380.425034528544	0.12152454588235787	-0.04885483328682905	-0.01882435923398773	-0.022377250711975993	-0.02741617464904128
9766.463902064732	1.0	11.0	8785.267039271763	9985.198611895474	0.3033	-0.0659	-0.0477	-0.0437	-0.0288	-0.1094	9360.926400382006	-0.05942041216312968	-0.012491179341448926	-0.040527040490135835	0.08241931783886086	-0.11238686698685915
9755.268101283482	1.0	12.0	8783.49565545945	9963.964654851978	0.2552	-0.0659	-0.0273	-0.0281	-0.0411	-0.1204	9350.169509194115	0.04194557951197602	-0.005303326585246517	-0.038352369093158714	0.08345440663418419	-0.04404934911406491
9884.638671875	1.0	13.0	8783.340772937592	9966.328970607085	0.2671	-0.0821	-0.0341	-0.0341	-0.0009	-0.1181	9355.055095266789	-0.06064882369208937	-0.12117075195423525	0.043838553694115046	0.018329542983815506	-0.013417204487919221
9793.534249441964	1.0	14.0	8782.40785522461	9962.562433942014	0.229	-0.0662	-0.0303	-0.0218	-0.066	-0.0993	9349.507079664927	0.03066899702756641	0.09618312129178698	-0.04160097088974721	0.06678934294213482	0.07228071664765023
9869.616873604911	1.0	15.0	8782.016920689173	9963.382740140009	0.2609	-0.0468	-0.0313	-0.0223	-0.047	-0.0869	9355.181747716908	-0.09364833812474363	0.0035745489516439085	-0.01651832514326623	-0.09043360803791058	0.01447296259585798
9846.688441685268	1.0	16.0	8782.9179234096	9968.371621199258	0.2281	-0.031	-0.0437	-0.0208	-0.0245	-0.109	9349.050955678324	0.05857528530526068	0.06237442000480136	0.03666371781415017	0.018473126819743602	0.05787258141090444
9912.03564453125	1.0	17.0	8790.765189325242	9976.819236642728	0.2499	-0.0383	-0.0143	-0.0214	-0.0216	-0.1009	9364.950031228867	0.0241620471539704	-0.039389293041561885	-0.01340974612246913	-0.0006451634613218651	-0.046557164130466275
9829.088169642857	1.0	18.0	8786.140263730003	9978.340715944123	0.2481	-0.0432	-0.039	-0.0401	-0.0659	-0.0451	9355.465996068959	0.09524985295448411	-0.06351227079611886	-0.07270678309405788	-0.03928453220075096	-0.042175945317414046
9814.307861328125	1.0	19.0	8768.33581891741	9976.718031278693	0.2234	-0.0407	-0.0266	-0.0173	-0.0657	-0.0818	9360.905189661731	-0.02060719069760973	-0.08951519202110779	0.01384653877653306	-0.002187893885764875	-0.008102984184708248
9830.486746651786	1.0	20.0	8780.948905726842	9974.954692778068	0.2487	-0.0575	-0.0353	-0.0261	-0.0282	-0.0922	9357.89574097388	-0.024467716035909432	-0.037018792762853456	-0.06630457403179817	0.03246882774604747	-0.1368032816633613
9851.561941964286	1.0	21.0	8783.176131184895	9979.125818692786	0.2106	-0.0578	-0.0357	-0.0315	-0.0603	-0.086	9362.178824389695	0.021318517695209222	-0.01149053473919059	-0.0630809958223819	0.001584867936858992	-0.05269570332821348
9890.270961216518	1.0	22.0	8777.44870140439	9978.938013540472	0.198	-0.0334	-0.0297	-0.0299	-0.0567	-0.0848	9367.718382313358	0.060347149680707174	0.09239040152594569	0.048853217980805726	0.02432220403986393	0.09050986826361794
9845.38525390625	1.0	23.0	8785.871641031901	9986.883215368383	0.2054	-0.042	-0.0198	-0.0246	-0.0135	-0.0874	9370.811284993097	-0.04626978212307937	0.0018076815278661067	-0.06291989850822555	-0.012279745430622569	0.004850429975425668
9818.226039341518	1.0	24.0	8768.904227992467	9978.952297419977	0.1813	-0.0216	0.0035	-0.0121	-0.0577	-0.0854	9359.866907632559	0.0184430590273038	-0.03766142521406724	-0.03430835677877751	-0.043917762028419335	-0.06050251862826493
9870.865199497768	1.0	25.0	8785.79483642578	9985.568887186933	0.1636	-0.0078	0.0069	-0.0024	-0.0598	-0.074	9376.7784850602	-0.010844151300519512	0.051530136387286506	-0.09454785159202575	-0.07634461373717745	-0.029237736297768192
9819.45458984375	1.0	26.0	8773.70161975679	9995.806642902116	0.1578	-0.0275	0.0043	0.0082	-0.0298	-0.0725	9380.60834591716	0.0282582868352129	0.005217564706201737	0.10255772344658884	0.05755581627506396	-0.04634381117866716
9811.894356863839	1.0	27.0	8768.549582926433	9998.43030066165	0.1158	-0.0171	0.0052	-0.0078	-0.0563	-0.0587	9380.542602686633	0.033587435560103594	-0.06639135224605829	-0.05531193886197548	-0.03454713182712676	0.05468141704578816
9876.756068638393	1.0	28.0	8790.720299421038	10002.318631908784	0.1241	-0.0187	0.0007	0.0077	-0.0418	-0.0612	9386.46777218315	0.051474750484115775	-0.026465457572669295	-0.007242334986676127	-0.006947311238225065	0.04405923075932488
9807.554234095982	1.0	29.0	8780.100808570498	10010.079057817964	0.1203	-0.0396	-0.0016	0.0177	-0.026	-0.0559	9392.358262539832	0.0011145819204415191	-0.004461966414424901	-0.028112158773264246	-0.006450360002801318	-0.12449083485674253
9826.56752232143	1.0	30.0	8783.198752557664	10016.988624702037	0.1066	-0.0304	0.0012	0.0064	-0.0513	-0.0592	9393.673229534807	0.028704268199370088	-0.0037174200006294326	-0.011366207731457847	0.12193208781364355	0.057281833002348
9774.353201729911	1.0	31.0	8788.63655569894	10014.883053088974	0.0965	-0.0253	-0.0125	0.0102	-0.0377	-0.0392	9398.741486274528	0.11041854862634125	0.02433250491768407	0.05381050024419577	0.13297526068432214	0.05043031566303934
9823.151890345982	1.0	32.0	8780.665590413411	10004.753503123904	0.1099	-0.0394	-0.0183	0.0026	-0.0071	-0.0434	9377.290558687722	0.0030172866209792954	0.04183819371184181	-0.026990777434194726	-0.14752921267562918	-0.028733453699098372
9888.486397879464	1.0	33.0	8775.386669049944	10007.056663010133	0.0843	-0.0219	-0.0105	0.0139	-0.0429	-0.0457	9384.452194051539	-0.06980374799623434	-0.0300319141865984	0.09219044152139463	-0.0527622545778259	-0.00528495810822224
9807.919224330357	1.0	34.0	8761.10065947033	10014.28572858814	0.0676	-0.0182	0.0068	0.0033	-0.0435	-0.0368	9402.018288573629	0.14040028678400168	0.04784013187952138	-0.011130809625259962	-0.11418078011513526	-0.09087435525422008
9841.324253627232	1.0	35.0	8781.309285191128	10015.087030138868	0.0782	-0.0258	0.0102	-0.0022	-0.0244	-0.0365	9385.372698254465	0.031901583290690344	0.016415211920915482	0.0414818080629291	-0.02296910658854818	0.004453601597632654
9910.03773716518	1.0	36.0	8775.990770321801	10013.665393503152	0.0826	-0.0173	0.004	0.0034	-0.0733	-0.0373	9396.20240605131	-0.028093508674039036	0.07191124646434584	0.004569871341009029	-0.057190199936999045	0.03929733287787937
9838.313267299107	1.0	37.0	8776.743243698847	10016.903822423174	0.0719	-0.0118	0.0013	0.0149	-0.0544	-0.0453	9392.197302015884	0.06020056224336312	-0.047142374735285736	-0.04473655431227508	-0.07395886574748232	-0.05253481165907855
9736.584647042411	1.0	38.0	8783.76685500372	10000.638520703887	0.092	-0.0265	-0.0044	0.0078	-0.0023	-0.0527	9379.512693039915	0.003210249387352084	0.05796255592238739	0.004608054828041664	-0.034919939280124636	0.04654471545745145
9802.934500558036	1.0	39.0	8767.790474737258	9992.041816598357	0.0663	-0.0201	-0.018	0.005	-0.0328	-0.0267	9371.318215656096	0.007941440238413193	0.052846448119391654	0.04273854594062616	-0.06515068817103134	-0.05279888175840269
9800.880057198661	1.0	40.0	8794.810251871744	9992.65418837384	0.0674	-0.0339	-0.0806	-0.052	0.0121	-0.1189	9382.899939885683	-0.022847205329292932	0.04594021457843972	-0.0055159141385448555	0.07332253818066344	0.012954099454814634
9828.802350725446	1.0	41.0	8782.545500837054	9995.647965410253	0.1305	-0.0997	-0.1105	-0.1032	0.0792	-0.1437	9386.49910620979	-0.04130577263925888	-0.06442878457030374	-0.02781986852656571	-0.011148097232573985	-0.015509051165553896
9869.217564174107	1.0	42.0	8785.376387532551	10002.237381771223	0.0537	-0.0639	-0.1015	-0.0711	0.0017	-0.0784	9392.552923516101	-0.10337306025604184	-0.04105717879998372	-0.016631332596944593	-0.014586616982165491	0.06157107641559925
9844.554757254464	1.0	43.0	8790.149423944382	9990.012504183815	0.0827	-0.0734	-0.0928	-0.0839	0.035	-0.0907	9384.619254623207	0.04678624384945569	-0.01706434954687402	-0.05872884596177878	0.1454425352172023	-0.06515698050307214
9807.603201729911	1.0	44.0	8770.502596609933	9994.245478560784	0.0456	-0.0583	-0.0803	-0.0678	0.0019	-0.0636	9372.919246990861	0.0253490277372518	0.023621524893906877	0.05593022569099009	-0.018884582528114837	0.009334920377633853
9830.551164899554	1.0	45.0	8777.00652523949	9988.811294014638	0.0497	-0.0463	-0.0775	-0.0533	-0.0054	-0.0597	9383.754492636115	0.04427350722517371	-0.017475955532173928	0.022817409988645274	-0.054577275227953824	-0.008184021454644178
9787.479108537946	1.0	46.0	8780.21046142578	9992.798576407462	0.0465	-0.0502	-0.0767	-0.054	0.0275	-0.0572	9375.55855144154	0.004176747245564684	-0.012469875212457853	0.008735975229659632	-0.12694516031098174	-0.06915161684889672
9834.170340401786	1.0	47.0	8771.427548653739	9991.143483505133	0.0444	-0.034	-0.0788	-0.0347	-0.0185	-0.0457	9372.59333733387	0.03141018678742194	-0.0028497397618362243	0.1163556280482887	0.024617654757078684	0.0040309508747020635
9816.83042689732	1.0	48.0	8784.771606735956	9989.907359594974	0.0871	-0.0534	-0.0665	-0.0431	-0.0036	-0.0416	9373.382729063644	0.01131674453562331	0.10575818273298224	0.06088290076212221	0.00984268086187808	0.03094478822325018
9796.927664620536	1.0	49.0	8776.333418201264	9985.06723103444	0.0656	-0.0408	-0.0791	-0.0227	-0.0196	-0.0416	9354.26107028098	0.011132475465449439	-0.04000598761088585	0.02013411147756998	0.06438117424986207	-0.05267214772937316
9816.981340680804	1.0	50.0	8773.76272437686	9978.44749226508	0.0695	-0.0291	-0.0719	-0.0307	-0.025	-0.0279	9360.049279218485	0.026536519521673893	0.005338721540434459	0.025072459688812974	-0.0011160341333913886	-0.05398585597626159
9793.128173828125	1.0	51.0	8777.673293340773	9978.271966025064	0.0785	-0.0337	-0.0658	-0.0227	-0.0068	-0.0293	9368.36674173381	0.05092736469658253	-0.023815416454254258	0.07689330667256529	-0.07365550554297674	0.10503546087871649
9868.63023158482	1.0	52.0	8771.141137114026	9978.778273691314	0.0594	-0.0287	-0.0545	-0.0228	-0.0344	-0.0313	9356.056014970378	0.002153568415570357	0.01598878559477358	0.1047748091210991	-0.06093619744549103	-0.07718342556495707
9794.930454799107	1.0	53.0	8774.095168340773	9988.597537461254	0.0517	-0.034	-0.0289	-0.0221	-0.0296	-0.034	9365.427236914866	-0.1983416406368535	0.07877229925790734	0.013931485274243089	-0.039711469083839726	0.0036777100177264915
9818.898332868304	1.0	54.0	8777.156719389415	9990.066444213928	0.0574	-0.0419	-0.0337	-0.0302	0.0037	-0.0429	9366.42245670813	0.0045935283996737224	-0.03993741727130141	-0.13752327538638578	0.04873546599316881	-0.0532289183865169
9863.29115513393	1.0	55.0	8777.392814127605	10000.0578162818	0.039	-0.0115	-0.0367	-0.0209	-0.0157	-0.0586	9379.435096165198	-0.009572452407506517	0.015105399650558377	-0.08877752262173254	-0.07310076751044862	0.1002338997180317
9763.992501395089	1.0	56.0	8773.231304640996	9997.493898168039	0.0402	0.0068	-0.0442	-0.0189	-0.0163	-0.0411	9388.038895420686	-0.006766013807841675	0.07914392626278093	0.10870901730098642	-0.058004192078440715	0.016617502802082837
9807.75132533482	1.0	57.0	8778.676275344122	9998.139090358874	0.045	-0.0262	-0.0403	-0.0311	-0.0025	-0.0285	9377.279443737156	-0.09136448190419443	-0.043781793082307105	0.008848979508754497	0.0224556140360295	0.06994266373671021
9750.564453125	1.0	58.0	8759.047196451824	9994.564294089181	0.0408	-0.0115	-0.0474	-0.0358	-0.0296	-0.0302	9370.00158627951	-0.034167384305014474	-0.028840331738183452	0.1651432694682726	-0.03914525268216512	-0.08624183548721007
9827.508021763393	1.0	59.0	8767.718353271484	9995.497508664119	0.0427	-0.0192	-0.0552	-0.0312	-0.0045	-0.0363	9362.654529209985	-0.021707755650238816	0.03752187258876571	0.01245357352251305	-0.043080805253499936	0.015435355635236129
9737.997279575893	1.0	60.0	8778.143826148624	9991.220066819586	0.0439	-0.0246	-0.0388	-0.0153	-0.0207	-0.0093	9371.086365779087	-0.03347249748680674	-0.06266547043214278	0.027519019360369965	0.022417472456220246	0.05545939372073605
9812.12827845982	1.0	61.0	8777.626781063987	9998.299152717102	0.0339	-0.0055	-0.0481	-0.0135	-0.0361	-0.0076	9375.785606443305	-0.10617350708722102	-0.13799528255849805	0.03965594936490673	-0.06048535295276921	-0.003511452148043817
9848.370640345982	1.0	62.0	8785.162847609747	9998.56966961524	0.0578	-0.0067	-0.0466	-0.0231	-0.0029	-0.0113	9373.143392787912	0.04970936629323934	0.010990786716268757	0.08428484958834177	-0.0064691418249765	-0.1281656159829743
9779.1494140625	1.0	63.0	8775.47944771903	10003.375277380397	0.0334	-0.0147	-0.0404	-0.004	-0.0373	-0.0269	9367.406066038622	-0.01610539291124321	-0.04378764620672712	0.07493404590008483	0.07606609934128544	-0.06843168029106297
9847.389892578125	1.0	64.0	8768.155215018136	10011.686687572952	0.0317	0.0014	-0.0191	-0.0013	-0.0422	-0.014	9383.111965511476	0.019718770971111115	0.047773435945407984	0.006441348539355499	-0.02850260850911561	0.11813457106237132
9839.320033482143	1.0	65.0	8785.699317859468	10011.891301191945	0.0356	-0.003	-0.0161	-0.0063	0.0043	-0.0369	9380.007817059928	0.05860248094133286	0.09055502481786128	0.04780855928263198	-0.04800481462121474	-0.07083825939801586
9863.250034877232	1.0	66.0	8769.948761276972	10014.018264948858	0.0215	0.0087	0.0064	0.0049	-0.0336	-0.0335	9373.407636587117	-0.0941463275280589	-0.06411290194421998	-0.0009456362555269672	0.011202521346558782	0.08654113083166001
9820.542096819196	1.0	67.0	8772.417372639973	10019.525302667438	0.0418	0.0122	-0.012	-0.0029	-0.0354	-0.0262	9390.851011191393	0.0616226415998351	0.012313209383076344	0.03613820165898516	-0.12122070260980689	0.014987776828577994
9709.258126395089	1.0	68.0	8780.186242094494	10019.04505594003	0.0254	-0.0002	-0.026	-0.01	-0.0063	-0.0133	9394.139124665546	-0.019640271652064747	0.017365368281750906	-0.0856332231142281	0.016583523176543383	-0.01947974212130845
9867.92857142857	1.0	69.0	8780.13892531622	10018.516033539761	0.0133	0.0058	-0.0242	-0.0055	-0.0334	-0.0211	9416.396273245895	0.04286804630745329	0.10765843710315838	-0.020685183298685742	-0.13784421222576174	-0.018096007447001152
9818.401402064732	1.0	70.0	8787.880429803758	10019.950495855433	0.0123	0.0078	-0.0348	-0.0152	-0.0033	-0.0305	9410.47133564165	0.052277899603521	0.05232628439956653	-0.08525453626110469	-0.06035800763295205	-0.03316696128979052
9784.87890625	1.0	71.0	8789.25355834961	10011.220209532059	0.0097	-0.0117	-0.0441	-0.0165	0.0131	-0.0054	9399.750263383818	-0.07291570698743502	-0.06559282305677694	-0.0092356869643329	-0.02548599239645936	0.093323915039712
9828.529401506696	1.0	72.0	8784.215985398065	10012.464995462351	0.0013	-0.0001	-0.0224	-0.0231	-0.0337	-0.0124	9400.753972450124	-0.0036191121840047076	-0.013728029296213395	-0.09200233158993475	0.010947756228825923	-0.013293553415436156
9833.27211216518	1.0	73.0	8788.630630638487	10006.959526739147	0.0193	-0.0025	-0.0169	-0.0257	-0.0128	-0.0247	9396.505981371527	-0.10099426575545357	0.09047261224742403	0.11892300619906042	0.0992629609407704	0.10659618392256273
9825.38134765625	1.0	74.0	8781.464099411738	9995.969353125376	0.0217	-0.0229	-0.0243	-0.0156	0.0101	-0.0054	9379.525137172677	-0.015083557505706916	0.049854442274907956	0.07110713482022475	-0.08157123723297925	-0.015556975208701482
9811.798583984375	1.0	75.0	8782.371253313337	9997.253186669368	0.0168	-0.014	-0.0209	-0.0175	-0.0277	-0.002	9377.722175243975	-0.05685978001587738	0.014448501174439398	0.03986224109581761	-0.00043526369711598947	0.08634847474459553
9877.39501953125	1.0	76.0	8796.745402018229	9999.904113633847	0.0227	-0.0047	-0.0235	-0.0204	-0.0071	-0.0084	9377.341195171068	0.07550199259159372	-0.0715726772300377	-0.10884728109714935	0.02174791972994766	0.07176376577484425
9839.297607421875	1.0	77.0	8785.459168061756	9991.93539584789	0.0116	-0.0258	-0.0269	-0.0206	0.0032	-0.004	9377.768114809372	0.04361348128383748	-0.11536341650839048	0.03751659566909345	0.06355626032593963	0.04254488985491706
9815.554513113839	1.0	78.0	8776.64348522368	9994.603760234968	0.0005	-0.0187	-0.0199	-0.0182	-0.0107	-0.0075	9379.224597643146	-0.07634256037705164	-0.051193292098257	-0.020927297619801048	0.05152359015690729	-0.10920929900588437
9858.82847377232	1.0	79.0	8789.473902529762	9989.316085387047	0.0186	-0.0193	-0.0296	-0.0325	0.0067	-0.0116	9370.64182772904	0.0843971704740859	0.026084375976333504	-0.020511450942358848	-0.015526150845131937	0.10938874250592533
9851.903215680804	1.0	80.0	8784.951385207403	9996.23639202742	-0.0006	-0.0196	-0.0109	-0.0155	-0.0094	-0.0052	9376.504850907759	-0.034908013434729074	-0.024479245533055295	0.01065416292715555	0.02630050546980845	-0.05451108742584966
9831.409946986607	1.0	81.0	8780.348624093192	10003.949034787765	-0.0012	-0.0121	-0.0142	-0.0193	-0.017	-0.0119	9384.116036450148	0.07011060595023512	-0.0877019076732118	0.031786196028195664	-0.003375439565849161	0.049319093881890895
9870.97509765625	1.0	82.0	8792.504424467541	10006.066254412206	0.0083	-0.0254	-0.0182	-0.0404	0.0278	-0.0129	9382.887574378481	-0.024090041866680224	-0.0200180829636759	0.0906031070080257	0.04489803018277392	-0.07056116759882498
9851.251011439732	1.0	83.0	8785.263656470888	10004.107204449416	0.0045	-0.0224	-0.0099	-0.0308	-0.0239	-0.0227	9371.000705932971	-0.004851354126150567	0.0012688261875304695	-0.033766151885539546	-0.06174126315769266	-0.017078691113042686
9856.962716238839	1.0	84.0	8772.065044584728	10007.386874029364	0.0218	-0.0178	-0.0189	-0.0284	-0.0191	-0.024	9401.24899258051	-0.06577126263074554	-0.08730330969438738	0.10026945265865225	-0.12056593064122388	0.018253296908337806
9812.04380580357	1.0	85.0	8778.54657156808	10014.231588093668	0.0074	-0.0258	-0.0255	-0.0299	0.0067	-0.0153	9398.672781038562	-0.049009038349492794	-0.018653479192629264	-0.001830970528497908	-0.021708484148436902	0.021033954889707832
9834.319405691964	1.0	86.0	8779.096404738653	10003.372337943776	-0.0009	-0.0164	-0.018	-0.0217	-0.0061	-0.0161	9378.530893026975	-0.04800179304927069	-0.09642338342179017	0.03375292582090613	-0.017231456461875114	-0.021423693645930993
9838.527553013393	1.0	87.0	8781.392380196708	9995.57133934286	0.0242	-0.0161	-0.0229	-0.0246	0.0024	-0.0163	9371.521673383288	-0.04062311832932896	-0.03742485351342196	0.06479680863803212	-0.020069643177804977	-0.09815014035647275
9774.763462611607	1.0	88.0	8780.522473435174	9995.387268829303	0.0049	-0.0297	-0.0174	-0.0188	0.0079	-0.0105	9373.055087873507	0.09617475101086946	-0.015313171986981866	0.09643206031006515	0.014490815688914279	-0.0011782295661609532
9848.71156529018	1.0	89.0	8777.090670921689	10001.396769844321	0.0021	-0.0195	-0.0225	-0.0215	-0.0146	-0.0171	9374.94685551184	0.01667236622595859	0.13926201843844854	0.058666368349195336	-0.055902194669825274	-0.03146944870744039
9855.126569475446	1.0	90.0	8783.756029982795	10000.101225021428	0.0278	-0.0185	-0.0208	-0.0227	0.0051	-0.0058	9385.973868644905	-0.019204335538569463	-0.009777205102564567	-0.02741214080669666	0.03214531828397355	0.08923554522899589
9787.958426339286	1.0	91.0	8776.658724248977	10004.457070417155	0.0128	-0.0189	-0.0167	-0.0236	-0.0177	-0.0198	9375.523337093036	-0.10075294877034077	0.04695974580315475	0.011894144350958712	-0.016581889131057643	0.10759128007625814
9776.767264229911	1.0	92.0	8779.806577264695	10004.840876841958	0.0276	-0.0142	-0.0159	-0.0239	-0.014	-0.0049	9368.923272994316	0.060300567467429615	-0.14617117676985064	-0.021421947832938534	0.0785196221126593	-0.059970421160080126
9786.463274274554	1.0	93.0	8764.544779750278	10008.971023884698	0.0184	-0.0275	-0.0157	-0.0182	0.0018	-0.0212	9380.00973326279	0.05146391837939825	0.03742022117022881	0.052284843529621886	-0.027548299869932704	0.04108896419815107
9795.74497767857	1.0	94.0	8782.963165283203	10010.238291765432	0.0112	-0.0082	-0.0093	-0.0123	-0.033	-0.0053	9395.039369874581	-0.14668087386560083	0.08919611618329455	0.07435427353516387	-0.03764019992631046	0.0155723214135461
9807.517264229911	1.0	95.0	8789.196002197266	10011.103641414222	0.0285	-0.0165	-0.0145	-0.0237	0.0061	-0.0153	9387.38301245802	-0.0341659535757613	0.08153306699018421	-0.05278638895416654	0.04962231419116659	-0.026471671737821202
9827.945521763393	1.0	96.0	8787.800669642857	10021.215701139317	0.0095	-0.0154	-0.0071	-0.0115	-0.0332	-0.0121	9386.920355348568	0.03278579862816879	0.01583466432533967	-0.017284273517995503	0.09004351788061023	-0.047952606387329955
9834.809605189732	1.0	97.0	8783.456860932849	10028.45861428131	0.0166	-0.02	-0.0153	-0.0097	-0.0298	-0.0194	9398.34889373189	-0.052952731916809256	-0.13447941339870847	-0.06638494852709804	0.06273033372040024	0.010815924480954055
9818.891217912946	1.0	98.0	8775.227085077195	10022.283349467207	0.0235	-0.0179	-0.0193	-0.0215	0.0076	-0.0116	9388.534891316693	0.00832987917025415	0.05418844758875194	0.09633251467704723	0.09705806712371629	-0.07160216626453124
9832.315185546875	1.0	99.0	8777.840238153367	10030.375346716963	0.0252	-0.0153	-0.0133	-0.0115	-0.0193	-0.0222	9394.25162638917	0.034374788103626784	-0.014271667196428067	-0.018802014911174475	0.05577106025450862	-0.0514017612713621
9810.293980189732	1.0	100.0	8769.835432942707	10031.09970937336	0.0446	-0.0195	-0.0177	-0.0187	-0.0037	-0.0245	9392.31116333598	0.04017814963844344	-0.00019652162285191404	-0.010095987564393668	-0.03936251202865489	0.10100106451340303
9805.764334542411	1.0	101.0	8787.865640113467	10037.795116874491	0.0348	-0.0269	-0.0029	-0.0041	-0.0203	-0.0433	9387.687176776348	0.1546768690340055	-0.004664918973862373	-0.002044185715448979	0.047707480039124915	0.036578675626409936
9840.149448939732	1.0	102.0	8789.379060872396	10034.528334935541	0.0595	-0.0213	0.0178	0.0064	-0.0597	0.0151	9400.394272868822	0.00260248289274351	-0.03303986521631487	-0.05217703939617074	-0.06558373531118351	0.026892648224712774
9797.624128069196	1.0	103.0	8786.518865966797	10039.152111231177	0.051	-0.0387	0.0101	-0.0045	-0.0262	-0.0263	9398.835865470843	0.14258276147019686	0.022479475590645382	-0.09369012094196029	-0.07405916320480826	0.07713872956199529
9795.328229631696	1.0	104.0	8784.708067103795	10027.752201102296	0.0288	-0.018	0.0127	0.0017	-0.0317	-0.0381	9391.425612458868	-0.026407777742946725	-0.03351837882600483	0.14918801963698886	0.04949728492077991	0.07111712337964542
9859.747000558036	1.0	105.0	8790.195895531064	10012.903432077732	0.0317	-0.0043	0.0024	-0.0002	-0.0148	-0.0108	9398.67107903427	0.008133783019452558	0.047820560041545696	-0.008732230362488689	0.11454688127770063	0.021537102714186282
9795.595040457589	1.0	106.0	8793.37164655413	10007.77513429168	0.02	-0.0183	-0.0082	-0.0099	0.024	-0.0042	9392.640906431689	0.044142057065005555	0.0708028756928069	0.016542218319248174	0.0924973745123405	0.11328309313153805
9872.940708705357	1.0	107.0	8777.771310570126	10012.70995862065	-0.0032	-0.0075	0.0064	-0.004	-0.0337	-0.008	9403.763469526339	-0.07892029931520168	0.05014038355861614	0.03326575166201434	0.09675122094091267	0.04947239241781212
9873.771484375	1.0	108.0	8794.94034336635	10018.86688488257	0.0132	0.0022	-0.0014	-0.0144	-0.0096	-0.0221	9403.413665801	-0.0005754798608616818	-0.03675496196124569	0.022944842093703698	0.06202266281292143	0.04161556256353168
9844.42222377232	1.0	109.0	8803.068700299944	10012.075154461681	0.0218	-0.0224	-0.0084	-0.0185	0.0206	-0.0148	9403.441801694653	-0.10803811428868224	0.053593216909067425	0.006237922894900037	0.10052130941091271	0.041096776680396664
9831.488490513393	1.0	110.0	8787.413850330171	10005.768368522764	-0.0016	-0.016	-0.008	-0.0176	-0.0185	-0.0023	9384.17535968537	-0.03172765140368361	-0.046916095750738546	-0.0003777692759677034	0.07716562169968824	-0.09003550418846146
9877.94545200893	1.0	111.0	8789.178057280042	10004.300164237171	0.0267	-0.0194	-0.0082	-0.0242	0.0027	-0.0152	9388.80054258424	0.007855221495750481	-0.08660317308722222	0.032340910063238346	0.0015494977358670422	-0.021339257667696433
9823.733468191964	1.0	112.0	8799.096096365793	9995.0865801279	0.0155	-0.0299	-0.0093	-0.0265	0.0159	0.007	9381.302502895924	0.08869183842710146	-0.10731633737304859	-0.053083222829094855	-0.06572613675569425	0.018305789515530337
9891.866734095982	1.0	113.0	8791.253811500186	9999.043648689014	-0.0049	-0.0178	-0.0141	-0.0165	-0.0342	0.0236	9394.566033782074	-0.0915114887871203	-0.08011302878218113	-0.014084244009460688	0.04771858777867189	0.14447663058389942
9886.311941964286	1.0	114.0	8793.618837483724	9997.051204013434	0.0079	-0.0157	-0.0258	-0.0114	-0.0163	0.0445	9383.121238295298	0.018285759491620993	-0.03954773384256352	-0.009702968436652264	0.0034320408626724802	-0.036909314424013955
9858.853969029018	1.0	115.0	8803.057079496837	9995.143352488278	-0.006	-0.0278	-0.0133	-0.012	0.0227	0.0208	9379.181188055809	-0.07147141843665107	-0.03567334783693989	-0.12730507918781298	-0.07062390223938979	-0.03328457156985561
9789.724086216518	1.0	116.0	8787.164063662574	9992.483183302313	-0.0274	-0.0266	-0.009	-0.0115	0.0117	0.0128	9380.908621856277	-0.16157747330062688	-0.09044858215389533	0.08866619407644656	-0.0020907236181389286	0.0024240492981695973
9895.977504185268	1.0	117.0	8799.652921840123	9997.103437938384	-0.0132	-0.021	0.0033	-0.0104	0.0059	0.011	9374.172133012251	0.03808395591198616	0.04590347430357331	-0.04271523932706659	0.018695407117758092	-0.04695789672050563
9840.562465122768	1.0	118.0	8790.255959356398	9996.04751327751	0.0024	-0.0206	-0.0006	-0.012	0.0181	0.0133	9372.403475763258	-0.025763355529825015	0.017941812144312716	-0.015765636384665584	0.03648391674598544	0.026323208795425154
9836.574393136161	1.0	119.0	8791.224954950241	9982.523915691641	-0.0098	-0.0128	0.0023	-0.0062	-0.0235	0.0061	9354.435624438052	-0.017045446914441452	-0.004442401749834112	-0.06571082584602081	-0.0026581296641922307	-0.006559445837516034
9886.034563337054	1.0	120.0	8782.73058326358	9979.306735493861	-0.0083	-0.0017	-0.004	-0.0058	-0.021	0.0287	9373.214458089271	-0.015171834440669397	-0.07526475173876554	-0.10834624480897252	-0.08764222517123597	0.058764743150536355
9825.351388113839	1.0	121.0	8797.928297061011	9980.56988188914	-0.0042	-0.015	-0.0156	-0.0048	0.0168	0.0227	9364.434540739374	0.12655155429895912	0.061868902969865594	-0.1531288095003518	-0.09098472299563554	-0.04047164943672221
9825.294503348214	1.0	122.0	8777.30068359375	9979.090669201762	-0.0037	-0.0091	-0.0031	-0.0033	-0.0205	0.0232	9359.324390979524	0.0032588707497413273	-0.04693432638763763	0.008461609773682306	0.017867656798218987	-0.02809023632102225
9777.135428292411	1.0	123.0	8785.566269356865	9981.614932200458	-0.0028	-0.0083	-0.0063	-0.0048	-0.0085	0.0276	9351.613869628316	-0.002298258537022262	-0.10619436514180655	0.01580503717626581	0.00583962743575418	0.056847996719052586
9817.116943359375	1.0	124.0	8770.682157679967	9997.489940823581	-0.0061	-0.0171	0.0079	0.0029	-0.0087	0.0088	9375.743360832996	-0.04119500022725953	-0.09636096728861969	0.006501294906845561	-0.12909692700829586	-0.044246164267498424
9854.31103515625	1.0	125.0	8773.17710571289	10002.255358071598	0.003	-0.0023	0.0027	0.0016	-0.0283	0.0149	9371.748576741615	-0.06527132243176231	-0.05930901055169385	0.022841668335244057	-0.010464884687748649	-0.018257103560336198
9831.436139787946	1.0	126.0	8778.224124581473	9997.741451829414	-0.0064	-0.0136	0.0012	-0.0167	0.0027	0.0253	9376.657786046513	0.12870409095452612	-0.015338602286965866	-0.04825045656875239	-0.05091907667840854	-0.031573803269643035
9815.406180245536	1.0	127.0	8781.437508719308	10001.499524222065	-0.026	-0.0025	0.0083	-0.0003	-0.017	0.0141	9375.824760555068	0.006020805392195577	0.07633579492928769	0.027075018802091566	0.018669606130530453	0.145938372296695
9837.122453962054	1.0	128.0	8778.383562360492	9991.563321909498	-0.0036	-0.0033	-0.0034	-0.0039	0.002	0.0202	9375.874096971876	-0.047799247064429576	0.038271209702185977	-0.04465553481072181	0.05050736516443982	0.11288026088662331
9819.037493024554	1.0	129.0	8788.341943650019	9996.915466513397	-0.0134	-0.012	0.0031	0.0016	0.0068	0.0166	9376.303494968082	0.1035945140412543	0.03606032839003865	0.08568862826095953	-0.032232663116707486	0.059770163297201855
9786.35219029018	1.0	130.0	8778.75663335891	10008.464476572215	-0.0225	-0.0058	0.0099	-0.0005	-0.0226	0.0175	9384.832478137727	0.019279304510927773	0.04215247903765988	0.03152412616768688	0.025602357167736973	0.004139933572417198
9838.840227399554	1.0	131.0	8786.568244280134	9999.56367573915	-0.0022	-0.0029	0.0089	-0.0055	0.0259	0.0138	9373.446303435867	-0.05052445380885512	0.04718188869788284	0.023989183219273007	0.048339546036694096	0.00119515963337537
9877.021728515625	1.0	132.0	8792.8816179548	9999.23488068622	-0.0181	0.001	0.0153	0.0031	-0.0229	0.0125	9380.994636875057	0.07245555005404612	-0.07038966160359202	-0.09996366658417283	-0.055514272206273974	-0.010770192329529981
9837.357526506696	1.0	133.0	8781.61754179455	10001.453985290715	-0.0235	0.0094	0.0022	0.0026	-0.021	0.0249	9396.781484932226	-0.015825706102523075	-0.10393753811094514	0.11154580987931711	-0.011362780918855776	0.006988250398001439
9792.090645926339	1.0	134.0	8791.659136381604	10006.095132087368	-0.0116	-0.0031	0.0007	-0.0097	0.0298	-0.0004	9399.139025084976	0.05625094530211084	-0.06774151165168295	0.07453590792269912	-0.006864708903656244	-0.009238400181684286
9855.039446149554	1.0	135.0	8788.306542678107	10010.507127963125	-0.0292	-0.0078	0.0111	0.0002	-0.0171	0.0091	9385.537737449778	-0.012595003311521033	-0.07114386012567728	0.033744300837688056	-0.044698731396022824	0.06111716169386633
9877.394252232143	1.0	136.0	8788.460366675967	10012.552638642546	-0.0097	-0.0094	0.0149	0.0025	-0.014	0.0113	9401.990099628381	-0.0005440135544765518	-0.009463562121786371	0.0027128024661557605	-0.032430049936604	0.060863017986120406
9758.782470703125	1.0	137.0	8785.228340657552	10012.18827433341	-0.0213	-0.014	0.0035	0.0004	0.0161	0.0047	9388.553327608386	0.12697401930583876	-0.01453437139535341	-0.024317464264023276	0.03641760523812357	0.13437588126505856
9782.246547154018	1.0	138.0	8792.646902320499	10006.313501817456	-0.0354	-0.003	-0.0003	0.0092	-0.0197	0.0112	9391.33555045211	0.004605170639732926	-0.046089732886060976	-0.047133393055176116	-0.061435089264667744	-0.026804365886676448
9820.188720703125	1.0	139.0	8781.06434268043	9999.721739385453	-0.0194	-0.0037	-0.0036	0.0003	0.0163	0.0088	9380.340824606801	-0.04276054001776927	0.07756564508100332	-0.02662455699633142	-0.09848864602636914	-0.019620281528225
9830.036795479911	1.0	140.0	8776.794842238653	10001.562294040908	-0.0282	0.0044	-0.0047	0.0071	0.0101	0.0121	9380.39523973594	-0.03735596392555397	-0.05573507038719076	0.0592991371724404	0.010315576572412853	-0.05760142793932067
9833.465506417411	1.0	141.0	8779.310399518694	10008.838375052512	-0.0332	-0.0002	0.0082	0.01	-0.0167	0.0119	9395.398779922574	0.043270292596989224	-0.07344166731848074	-0.02073449337638797	0.007069209647755352	0.026930928755551767
9801.596086774554	1.0	142.0	8783.695502290271	10005.449556578445	-0.0156	0.0005	0.0024	0.0033	-0.0065	0.0078	9387.083227913892	0.011974131775009802	-0.051048012075297786	0.013051143606154732	0.05837056056873222	0.030497553852409515
9759.61376953125	1.0	143.0	8794.457745361327	10000.271847272372	-0.0181	-0.0109	0.0067	0.0033	-0.0045	0.0091	9369.465533819142	-0.052756352713449625	0.027043496458212198	0.07682425988222086	-0.00034182874072469227	0.07580475554216098
9795.493373325893	1.0	144.0	8787.65726696196	10003.286128036289	-0.0411	0.0012	0.0194	0.013	-0.0128	0.0129	9387.862282551925	0.005275761709078973	0.04316536421907137	-0.018360826407490656	-0.0025876126190650965	0.08235123867908815
9799.43115234375	1.0	145.0	8785.089965239025	10011.646976673832	-0.0331	0.0105	0.0184	0.0139	-0.0146	0.0261	9391.810619051728	0.055876351592632705	0.04821686025234527	-0.006298499500829726	0.025896721456312756	-0.0965165480842132
9862.221156529018	1.0	146.0	8797.781705438523	10014.107564367736	-0.0302	-0.0023	0.0129	0.005	0.0122	0.018	9398.15496975218	-0.02875306495827581	0.14440742225677175	-0.11786715549404671	0.04681848041291544	-0.10542282973614098
9917.997523716518	1.0	147.0	8792.448203822545	10016.9282094822	-0.0412	0.0037	0.0226	0.0148	-0.0209	-0.0041	9389.87711946646	0.04151509639291901	0.07236403004215584	0.02839966126680027	-0.023432947346201508	-0.027231040752564734
9891.55189732143	1.0	148.0	8789.398790341333	10022.174475947253	-0.0348	0.0157	0.0302	0.0211	-0.0114	0.0073	9396.471828187689	-0.10757945767256552	-0.07792868896046555	-0.024220093109238717	0.006503152073489684	-0.03281886072081712
9843.637416294643	1.0	149.0	8786.0530136835	10015.886357050735	-0.0115	-0.0051	0.0185	0.0102	0.0099	0.0143	9379.066364280952	0.11016338845514123	0.03504158435943876	0.0881403830110357	-0.06136181812677815	0.10667992595126795
9824.05873325893	1.0	150.0	8787.377020263672	10016.49311972659	-0.0329	0.0042	0.0388	0.0149	-0.0218	0.0092	9390.558902437959	0.05728055892022498	-0.1474310132041969	-0.03713624270916528	-0.02032383076819152	-0.02010723645924336
9875.948137555804	1.0	151.0	8778.387417457217	10018.113744070637	-0.0326	0.0094	0.034	0.0164	-0.0167	0.0136	9379.610091661347	0.0756266341555685	0.09109756366446527	0.11395264554547276	0.06798158331791267	0.01221838497978029
9786.319405691964	1.0	152.0	8789.287989443825	10016.919343885962	-0.0349	0.0048	0.0345	0.0302	0.0095	0.0122	9381.760482596244	0.08169763980217809	0.05189263463189417	0.0724964561041915	-0.10535237759447183	0.10085446765250498
9836.208775111607	1.0	153.0	8796.10246000744	10018.892527227667	-0.0501	0.0244	0.0406	0.0411	-0.0259	0.0257	9382.037880637428	-0.0023815495984252917	-0.1139023216701514	0.02647363357836721	-0.006668694556924354	-0.06251754979279925
9822.553920200893	1.0	154.0	8789.162964448475	10016.20834231458	-0.0219	0.0116	0.0321	0.0266	0.0036	0.0215	9390.840486670371	-0.020980614532557392	0.15870759924497133	-0.06801525874607216	0.049151073620147846	-0.020898649796962772
9819.47509765625	1.0	155.0	8785.835240246	10018.901074718131	-0.0499	0.0009	0.0449	0.0351	0.0143	0.0131	9385.022496088792	-0.09068508104753857	-0.0016630559086982229	0.017369388137431593	-0.06227674804324257	-0.027831279821478466
9785.940185546875	1.0	156.0	8787.116094389416	10018.30359973548	-0.0581	-0.0021	0.0661	0.0388	0.0037	0.0095	9394.079114888116	0.06886081402986642	0.04401874574862739	-0.03233526631008573	-0.002854415809992525	-0.0279599945254722
9810.42738560268	1.0	157.0	8792.640852573939	10010.795451864687	-0.0363	0.0074	0.0409	0.0233	0.0298	0.023	9379.463598358332	0.02789855542122558	-0.05352961276132721	0.06412743485402465	-0.04709325445833929	-0.011848065462485177
9845.174037388393	1.0	158.0	8784.939531017486	10004.30794304427	-0.0637	0.0077	0.0512	0.0245	0.0041	0.0162	9381.609525713746	-0.09448133226780328	0.08402233646416413	0.014286704152670708	0.0509432409820084	-0.01405608729934943
9850.31968470982	1.0	159.0	8779.921162923178	10008.522428483666	-0.0617	0.0217	0.0409	0.0313	-0.0045	0.0149	9390.07177439234	0.06805984853184158	-0.029399164536635488	-0.005497584660981549	0.004714728452085992	0.0012365086066205163
9836.445103236607	1.0	160.0	8771.722636776878	10003.477832034492	-0.0483	0.0119	0.0336	0.0263	0.0288	0.011	9374.732709386593	0.004172440211503828	-0.08512375200043602	0.08687466387795933	0.045682836171988296	-0.034151563341693975
9839.776332310268	1.0	161.0	8784.247641427177	10002.504903915898	-0.0599	0.0202	0.0399	0.0336	-0.0042	0.0069	9387.738059746689	-0.07379054944752829	-0.013806927592396176	-0.02722456858115936	0.006690929164447028	-0.08404647703417073
9827.209891183036	1.0	162.0	8784.341621616908	9995.887860643497	-0.0393	0.0204	0.0347	0.0304	0.0019	0.0166	9364.479558181025	-0.038285282273337565	-0.03692146292494225	0.09370901764379191	-0.0860887243167338	0.03104462688372441
9822.431326729911	1.0	163.0	8777.268459356399	10001.09199429801	-0.0573	0.0082	0.0385	0.0343	0.0133	0.0118	9377.90307589149	0.07431428860269362	-0.04901433391009242	-0.07625103535826139	-0.014807645643677692	-0.06313490472139537
9813.38706752232	1.0	164.0	8788.76249680292	10005.499705822222	-0.0547	0.0287	0.0511	0.0295	0.0006	0.019	9378.270213866834	-0.06891933694715614	0.012412292122333085	-0.01741194851199903	-0.07136579799004965	0.04885486613631743
9871.244105747768	1.0	165.0	8787.873829868862	10005.941664705606	-0.0364	0.0276	0.0457	0.0215	0.023	0.0196	9374.796297423843	-0.14371287343565578	0.0367398213651297	0.022941243940990536	-0.01954619975773958	-0.01511842790571749
9844.42054966518	1.0	166.0	8775.789154924665	10013.502782062706	-0.0508	0.0215	0.0562	0.0287	-0.0041	0.0014	9372.498845792139	0.01211035076500732	-0.06043989035075854	0.14821852675247085	-0.016987983991528368	-0.10358480759752195
9877.111642020089	1.0	167.0	8779.904626755488	10015.958191943699	-0.0497	0.0416	0.0455	0.0239	0.0041	0.0086	9384.341493322494	-0.020684900776400943	0.06976408833560024	-0.030472485501255177	-0.13516036144428023	-0.04648417258517745
9804.814627511161	1.0	168.0	8802.56504313151	10001.909221216734	-0.0277	0.0177	0.0265	0.0194	0.0351	0.007	9383.166627954008	0.017858847321131015	0.03413130879977298	0.15049157290990017	0.06103678141400497	0.011114400497326649
9899.909284319196	1.0	169.0	8787.679623267764	10008.824111722579	-0.027	0.028	0.0463	0.0249	0.0065	-0.0065	9381.718126750777	0.028117356134018327	-0.027175020805898866	0.03588340270284942	0.036971102306108	0.00033304737463061364
9842.156005859375	1.0	170.0	8788.095642380487	10016.723721970728	-0.042	0.0329	0.0298	0.0248	-0.0037	-0.0004	9395.681257148315	-0.06350501066738248	0.10371010195136768	0.03317101688359785	-0.1159149705330934	-0.0014508675826482216
9828.52308872768	1.0	171.0	8771.72238188244	10016.236714738732	-0.0505	0.0257	0.0328	0.0275	0.0206	0.0056	9398.617142579542	-0.021595683190426145	-0.004429805056873985	-0.012793663687550917	-0.0008441718914757683	-0.0707066693180173
9782.996268136161	1.0	172.0	8797.73854515439	10015.049353351276	-0.0722	0.0262	0.0405	0.026	-0.0122	0.0103	9394.873530197881	0.024678764039668954	-0.045993322747044096	-0.0007780456649908943	-0.03583590386501228	-0.1025341415890994
9821.429792131696	1.0	173.0	8794.097250511533	10001.746451979536	-0.0411	0.0244	0.0372	0.0243	0.0032	0.013	9375.696054130274	0.006893684478861327	0.029200698177207197	-0.13908580102548734	-0.09614246403870606	-0.05483382873427173
9801.570033482143	1.0	174.0	8785.528152029854	9994.374239068484	-0.0509	0.0155	0.0316	0.0286	0.0223	0.0208	9373.846320737031	0.05185865914758283	0.1446573102302994	-0.038834761259105795	0.010321285541159016	-0.034884247123988465
9788.186976841518	1.0	175.0	8769.690710449218	9993.038823960778	-0.0652	0.0242	0.0362	0.0356	-0.0058	0.0221	9377.52289225654	-0.017653018580645812	-0.03983154241177602	0.00656011622316073	-0.054025073681417866	0.02652981856323339
9867.93812779018	1.0	176.0	8787.219124930245	9997.669014715628	-0.0348	0.0171	0.031	0.0246	0.0224	0.0167	9371.733999359309	0.0812770153204545	-0.03985022373403726	0.033054558875379135	-0.00016300216264308843	0.008448562998888123
9732.71812220982	1.0	177.0	8794.390400913784	9990.46884070621	-0.0607	0.0225	0.0425	0.0372	0.0135	0.0208	9363.315156003262	0.045488725226052434	0.006330919775047339	0.015829771135310578	-0.02455388514011441	0.039137718018924905
9860.875697544643	1.0	178.0	8797.245985339936	9992.326004905566	-0.0633	0.0324	0.0383	0.0338	-0.0003	0.0355	9378.06896403034	-0.09168806188616967	0.04909557369887856	0.08473568526203305	-0.10531511489946326	0.05519424410149237
9794.69921875	1.0	179.0	8798.555827694847	9991.77811490894	-0.0429	0.0142	0.0356	0.0253	0.0388	0.0222	9366.340836338655	-0.0448192805373822	-0.03746760845933243	0.04717270974812024	0.01227082293755056	0.05100836485188273
9866.203194754464	1.0	180.0	8782.60561000279	9988.543687960278	-0.0565	0.0217	0.0383	0.0354	0.0008	0.0254	9359.273664183036	-0.08858182742243055	-0.029165758972789772	0.07969200977015248	-0.015119410646520759	0.014111431099716638
9843.914934430804	1.0	181.0	8787.834196835473	9985.99158048163	-0.0572	0.029	0.0378	0.0349	0.0058	0.0294	9369.071881985987	0.01887880642597897	-0.006924137725415423	0.09022999706265643	-0.014137789017560663	-0.023140293055833018
9880.521379743304	1.0	182.0	8783.202671595982	9989.68861610093	-0.0432	0.0268	0.0357	0.0268	0.0426	0.0213	9369.041942559543	-0.06550479575408147	0.03771799078346893	-0.12102849197458379	-0.06710810145042294	-0.12634005604842127
9796.605050223214	1.0	183.0	8782.906870524088	9981.203936747781	-0.0571	0.0271	0.0392	0.0261	0.0041	0.0254	9366.571085946473	-0.04153236938150511	0.08534093406369003	-0.003012810397526395	-0.0669665432608675	-0.1707398232957028
9868.657017299107	1.0	184.0	8787.614720517113	9989.823033339811	-0.06	0.0361	0.0234	0.0214	-0.0063	0.0421	9378.725651385013	-0.08237629679695647	0.02080965044028428	-0.006338335530289215	0.0467763797950142	0.00998889942803057
9834.2255859375	1.0	185.0	8791.247464425223	9993.6475890632	-0.0377	0.0273	0.0142	0.0193	0.0194	0.0292	9372.980284685324	0.03348720776873977	-0.010623642804692614	0.09054770783985823	-0.008346585420398307	-0.021215774807950318
9860.325474330357	1.0	186.0	8792.444702439081	9990.181665489974	-0.0581	0.032	0.0264	0.0315	0.0029	0.0367	9386.96766255303	0.02857574429050848	0.11409872171765592	0.07406027776290304	0.033159707003700675	0.007577955421154668
9828.423583984375	1.0	187.0	8800.943640718006	9987.520844546949	-0.0613	0.0405	0.031	0.0291	-0.0028	0.0458	9379.684303475533	-0.03002308786149805	-0.05778068277683334	-0.052025898374283695	0.020571123057377412	0.03440029159169948
9870.159737723214	1.0	188.0	8805.031802222842	9988.427526518906	-0.0555	0.0205	0.0248	0.0128	0.0361	0.05	9368.73738306219	0.01726437959639797	0.0015431219592398095	-0.06422068274289189	-0.039744414152168075	0.05538458031083172
9843.849539620536	1.0	189.0	8793.572889927455	9983.887697012377	-0.0616	0.0299	0.0335	0.0204	0.0095	0.0448	9366.939810658792	0.08829396560746393	0.0332715021024854	-0.059300348783254526	0.013345791232719612	0.06899273521417745
9844.464878627232	1.0	190.0	8785.297862606956	9983.21968270703	-0.0537	0.038	0.0316	0.0192	0.0172	0.0436	9368.326934711155	-0.034488507452204206	-0.04372002690852442	-0.011425982480990016	0.012419757178620823	-0.015244988067056474
9736.727643694196	1.0	191.0	8783.126016671316	9988.836537196608	-0.0613	0.0248	0.0416	0.0297	0.0293	0.04	9373.401481790746	-0.024303050443248403	0.008331351314453091	0.076458895798249	-0.07035955935447465	0.05170405216374052
9856.959577287946	1.0	192.0	8791.710244896298	10002.164230831384	-0.0641	0.0343	0.0421	0.0343	-0.0023	0.0468	9378.089502832645	0.06685852423217614	0.006212956294541217	0.004968171866580201	0.09176534744011046	-0.06394205760801118
9858.792201450893	1.0	193.0	8801.705640229724	10001.556941953017	-0.0463	0.0313	0.0358	0.018	0.0408	0.0328	9375.895982620565	-0.09204012216587414	-0.02532100804926716	-0.022806965372315257	0.026981626085715835	-0.017041039284877213
9860.3671875	1.0	194.0	8791.620335460844	10009.218499597477	-0.0623	0.0335	0.0496	0.0276	-0.011	0.0263	9368.063341402685	-0.049215547322073734	-0.046774415136446784	-0.04947660638414776	0.008122653364245665	0.0534031084596266
9920.752511160714	1.0	195.0	8786.623640369233	10020.743756061873	-0.0543	0.0391	0.0403	0.0321	-0.0049	0.0163	9397.828674655819	0.018745316671888248	-0.11365660881586373	-0.11115908373187529	-0.039979462659444756	0.06086805228167099
9853.084437779018	1.0	196.0	8789.742218598865	10022.606670821035	-0.0563	0.0201	0.037	0.0245	0.0238	0.028	9388.724443712365	-0.006144510784748495	0.005294890334441489	0.0020257799706503037	-0.13179151046134877	0.05804492620439728
9879.88525390625	1.0	197.0	8794.340204148066	10024.866390208004	-0.0801	0.03	0.0416	0.0283	-0.0008	0.0347	9400.541994017374	0.04046590663710359	0.02586044316350407	0.03335176265896701	0.0458083612955799	0.06944276265415214
9884.037806919643	1.0	198.0	8806.385921514602	10031.146110285916	-0.0821	0.0333	0.038	0.03	0.0237	0.0254	9423.870279352715	-0.05024023892503361	-0.006182593773024096	0.0263610957891886	-0.013835454610493274	0.04890337085622505
9878.602922712054	1.0	199.0	8794.975949532645	10031.724572650992	-0.0758	0.031	0.0291	0.0199	0.0494	0.032	9414.204276448292	0.015754385834736054	0.07076710160741867	-0.03662914381073082	-0.0034716916311274674	0.07080252754979834
9865.62513950893	1.0	200.0	8798.390288144066	10033.170920653669	-0.0916	0.0248	0.0435	0.03	0.0282	0.0238	9411.599257138989	0.05280628550617567	-0.016829496598028414	-0.04042989197203024	-0.062180800013721636	0.017116511256554005
9911.511474609375	1.0	201.0	8798.050504266648	10029.585616692515	-0.0962	0.0382	0.0431	0.0272	0.0251	0.0338	9413.8969760061	0.017578541704104236	-0.01655243660841187	-0.00831471806511164	0.08022206660361765	0.04762730831129815
9871.100551060268	1.0	202.0	8797.583292061941	10019.698519004683	-0.0738	0.0201	0.0367	0.0186	0.0562	0.0463	9401.758792486135	0.06961606152377992	-0.033773083240762836	0.04841520678506928	0.0174779485152776	0.06697147477415824
9852.416050502232	1.0	203.0	8792.808970424107	10013.616721556094	-0.0945	0.0265	0.046	0.0292	0.0328	0.0458	9387.138796527795	0.021752912313467078	0.06779469097988518	0.05060099529491009	0.14872308696129913	0.05486927163826435
9869.626743861607	1.0	204.0	8795.007468959264	10013.96118884633	-0.0912	0.0343	0.0403	0.0219	0.0108	0.0416	9397.605191243687	-0.07682251208443236	0.046515351723566245	-0.042662502571815385	-0.06173851909195122	-0.03901269560606928
9862.033865792411	1.0	205.0	8791.6047374907	10005.008742247603	-0.0742	0.0349	0.0306	0.018	0.0477	0.0505	9379.602442256257	0.04575307451096159	0.010572437796406356	0.006378983319151264	-0.008653609307996146	-0.06057584991276664
9816.969900948661	1.0	206.0	8796.183066522508	9997.256884024744	-0.0845	0.0486	0.0429	0.0327	0.0154	0.0429	9363.073397785829	-0.08025888647459306	0.0007893369366770848	-0.035641261803530305	0.012891551918659958	0.057761975719607755
9837.196533203125	1.0	207.0	8782.036737060547	9986.957715707513	-0.0797	0.0443	0.0329	0.0312	-0.01	0.0569	9371.038684571966	-0.0035778537933215454	-0.060599189686135535	-0.08520298155985166	-0.04090049581946214	0.026658668682028187
9854.879499162946	1.0	208.0	8787.060006859188	9987.764845036172	-0.0768	0.0403	0.0275	0.0234	0.0292	0.0661	9368.27943361382	-0.024423863583588997	-0.0024467886039801537	0.05912764962258656	0.02532067990776473	0.05010748280786579
9813.361851283482	1.0	209.0	8800.049934895833	9987.479282308108	-0.1019	0.0439	0.0369	0.0247	-0.0009	0.06	9369.27668157168	-0.021778109390592326	-0.08046774012491971	0.08149199658824566	0.08795576367040024	-0.11485951775975176
9878.133405412946	1.0	210.0	8783.285983421689	9989.537042866443	-0.1103	0.0339	0.0167	0.0106	0.0086	0.0707	9375.915246708943	0.07012444828426494	0.0018978639705956929	-0.012459041551211669	0.11068115364966485	-0.07449276304072705
9772.708670479911	1.0	211.0	8790.396020507813	9986.705075785962	-0.1038	0.042	0.018	0.0158	0.0499	0.071	9366.2124846143	0.06636852007274478	-0.056485461590502696	-0.01668210454011044	-0.08983281246620882	-0.05157909276234293
9833.991664341518	1.0	212.0	8783.443161737352	9998.468190695961	-0.1155	0.0404	0.0329	0.022	0.0031	0.0571	9377.440462610477	0.10566473074405754	0.07854759579436216	0.044989221733292235	-0.004541324820781002	0.0038102666144344166
9822.27978515625	1.0	213.0	8792.665125674293	10000.552644547744	-0.1049	0.0398	0.0257	0.0273	0.0099	0.0526	9379.635233069297	0.04754900037418869	0.03504661195546772	-0.10594461620477075	-0.05826415176744417	0.09672984624718477
9844.204031808036	1.0	214.0	8783.361655099052	10001.010716202929	-0.0942	0.0368	0.027	0.0175	0.0337	0.0591	9375.475314496334	-0.07578315983693125	-0.005698959849249419	-0.043054691989060395	-0.061093698509877906	0.014157009804841705
9835.145542689732	1.0	215.0	8784.512479945592	9997.489175921419	-0.1074	0.029	0.0406	0.027	0.0029	0.0603	9369.528567802976	-0.1014546221360513	0.09651142315334366	0.04621095044996541	-0.08288277543137973	-0.07399786921782402
9865.728131975446	1.0	216.0	8784.01424560547	10001.037754507488	-0.1082	0.0362	0.0226	0.0224	0.0026	0.0541	9376.651576206348	0.044962070929400993	0.03344216092755057	0.05523501715961691	0.04122380437846807	-0.02138339193249294
9825.936314174107	1.0	217.0	8795.340620349702	9999.921696078516	-0.0965	0.0386	0.0067	0.0092	0.041	0.0519	9369.27720656847	-0.025715923289460412	0.09183678468619456	0.007716936512951809	-0.05716746254354356	0.05839614057446087
9829.174700055804	1.0	218.0	8788.148537772042	9998.268689374623	-0.1169	0.0464	0.0234	0.0194	-0.0077	0.0572	9374.954979902079	-0.09836542522067608	-0.04535863032562032	-0.16228211957492333	0.004363428177865343	0.014939516761501539
9866.935267857143	1.0	219.0	8775.649662272135	10003.320226278156	-0.1104	0.0518	0.0206	0.019	0.0178	0.0584	9378.36470458217	0.07304515219074978	0.059752358889155595	0.053435889675022684	0.0720403179582665	-0.01839808356371373
9812.178501674107	1.0	220.0	8786.672481573196	9999.058975924596	-0.1035	0.0481	0.0171	0.0205	0.0473	0.0452	9375.590912794929	0.0880580336615354	-0.00657522555902867	0.09169974728182782	-0.028214897605016963	0.006248060352052507
9811.686941964286	1.0	221.0	8788.31010538737	10004.873962226553	-0.0971	0.054	0.0189	0.0244	0.011	0.036	9370.020689501293	-0.06133919513549244	-0.04081678495676195	-0.004456625792491351	0.05442389525216899	-0.02836805871724731
9880.099853515625	1.0	222.0	8793.969122314453	10017.478380186074	-0.0941	0.0416	0.0169	0.0216	0.0391	0.0283	9386.47459342263	-0.04239174049934199	0.05333989794185022	0.00552387018469848	0.02058352328504505	0.06977664838103485
9803.936209542411	1.0	223.0	8780.617214529855	10012.043708356246	-0.0992	0.0433	0.0268	0.03	0.0229	0.0327	9373.082079874477	-0.025854919263855823	-0.007018243221788401	0.03196031993845823	-0.017418215538515577	-0.03246718699787289
9800.970877511161	1.0	224.0	8795.99117373512	10003.569196114051	-0.1087	0.0466	0.0242	0.029	0.0056	0.0517	9377.423275886698	0.0064438168353020955	0.019150714205426782	0.014053754281939602	-0.016381821825012344	0.043681846268996155
9779.092668805804	1.0	225.0	8789.762463378906	10001.362518243985	-0.0823	0.0418	0.0225	0.023	0.0389	0.0391	9379.051682905718	-0.06178404523459971	0.09903830996854424	0.0026991500364679905	-0.041366145817884094	0.007844856234165365
9794.611223493304	1.0	226.0	8779.02518572126	9997.705614842516	-0.1068	0.0396	0.0249	0.0277	0.0203	0.0486	9375.736508101974	-0.0024549249944736317	0.029381573663270016	0.011027152778526445	-0.15846171149055546	-0.10269411366144307
9840.772984095982	1.0	227.0	8791.514176722936	9996.18984370426	-0.102	0.0462	0.0269	0.0318	0.0083	0.0542	9372.93638565093	0.005195401738754321	-0.03375686347648731	0.02191680727604236	-0.0031754477883976957	-0.05355217536924242
9825.981689453125	1.0	228.0	8793.06973702567	9998.118485933262	-0.0876	0.0364	0.0211	0.0237	0.0224	0.0455	9376.10832606893	-0.058737652989503994	0.0241081208366293	0.0030581207417668664	-0.08568802600727743	-0.007102426186083287
9816.125453404018	1.0	229.0	8785.296447172619	10001.351136288169	-0.1049	0.0532	0.0182	0.0283	0.0068	0.0439	9375.250187635884	-0.023324402372492017	0.03291122804110481	-0.06491629023659601	-0.028582369976986575	0.06068617506899112
9852.379289899554	1.0	230.0	8790.438476853144	10003.720345903273	-0.1113	0.0615	0.0241	0.0267	-0.0064	0.0618	9384.147970395115	-0.046314518819089344	0.14089180079513833	-0.059118697094076154	-0.028206247151941546	0.01282497050595039
9802.773681640625	1.0	231.0	8808.31069452195	10002.326194497364	-0.0928	0.0402	0.0185	0.0207	0.0393	0.0435	9379.804098162476	0.0007280475542933109	-0.0027770368020677678	-0.15711949612803494	0.09356373401596867	0.056908980671424886
9877.943254743304	1.0	232.0	8782.296662830171	10005.135774072149	-0.1085	0.0282	0.0326	0.0225	0.0101	0.0413	9368.825944129458	-0.024099337221875697	0.0282555201514381	0.025431658542917242	0.028756973228595804	-0.06280133580116325
9865.610281808036	1.0	233.0	8777.74768938337	10004.108191543988	-0.1102	0.048	0.0215	0.0172	0.0229	0.0565	9385.433356914114	0.04030476107190967	0.09160177750482251	-0.012681651233262599	0.01808297584097288	-0.11354713587940007
9793.85595703125	1.0	234.0	8790.025156947544	9994.099106747195	-0.1042	0.0391	0.0081	0.0133	0.0532	0.0643	9379.052870316938	-0.07706766608954115	0.09188502834533688	-0.07376030431053851	0.05438591427122345	-0.04389787598183079
9855.512241908482	1.0	235.0	8785.73696492513	9996.090254959901	-0.1275	0.0436	0.0231	0.0176	0.01	0.0527	9374.618444254596	-0.03299845423318878	0.039840234935879064	0.07440499079918095	-0.029358957896872664	-0.10468322528386607
9867.215541294643	1.0	236.0	8794.02709757487	10007.25025176106	-0.1227	0.0483	0.0205	0.0189	0.0306	0.0548	9397.541607530251	0.10745314822074525	-0.04380680955147907	-0.02860004916328118	-0.17133575635023943	0.0057979709620200074
9881.233921595982	1.0	237.0	8808.310889253162	10011.77778227229	-0.1054	0.0478	0.007	0.0143	0.0507	0.0479	9388.872451487086	0.009976321806925054	0.022722343712596	-0.07719122282333725	0.03286975843279117	0.10540603250547599
9820.988664899554	1.0	238.0	8801.004352678572	10010.776803652356	-0.1545	0.0401	0.0222	0.0169	0.021	0.055	9386.983155197055	0.05671044971982153	-0.06372089203567564	0.06089241295594274	0.0290583349365172	0.07121726502852993
9811.711739676339	1.0	239.0	8781.16403837658	10000.646396922622	-0.1915	0.0441	0.0207	0.0133	0.0483	0.0775	9390.65862759677	0.045195660201905005	0.01296558686602067	-0.019196214239061937	0.09863294536664971	0.020246351990621393
9924.802699497768	1.0	240.0	8788.733822777158	9995.168107393263	-0.1512	0.043	0.0277	0.021	0.0666	0.0652	9384.073474345401	-0.000762517131552583	0.06327655206322111	-0.05808097343138277	0.10789322052073141	-0.1340627185645187
9741.99818638393	1.0	241.0	8794.78546462286	10000.007652166232	-0.1594	0.0459	0.0213	0.0239	0.0488	0.0744	9385.881944933068	-0.11546103491397443	-0.05717802311926279	-0.08055010937220504	-0.09752128696442346	-0.021078317071963115
9812.45912388393	1.0	242.0	8793.760718645368	9997.12262929056	-0.1635	0.0548	0.0256	0.0219	0.0252	0.0778	9385.377247793762	-0.0025914852552529903	-0.10075431390989205	-0.03569440053030897	0.0073890374369107465	0.06800971639190108
9795.461321149554	1.0	243.0	8802.431108165923	9992.860661306702	-0.1522	0.0637	0.0113	0.025	0.0455	0.0787	9380.370914968347	0.01262428136573975	-0.11409303039577834	-0.06891885931221521	0.04314088834022558	-0.08436497196356223
9830.374232700893	1.0	244.0	8792.82158610026	9994.15335633228	-0.1578	0.0507	0.0187	0.0177	0.0568	0.0652	9388.990851662376	-0.028514515152835252	-0.06047358034920581	0.011873527738853293	-0.025808827986633847	-0.00322008668943178
9771.518833705357	1.0	245.0	8787.984268043154	9992.78165659924	-0.1763	0.0424	0.0283	0.0147	0.0534	0.0641	9381.873082203376	0.1424018308834793	0.11514193549912403	-0.10792568197487704	0.01078059652833398	-0.0021575233999582117
9834.437325613839	1.0	246.0	8796.963538469587	9996.223466122965	-0.1662	0.0456	0.0237	0.0241	0.0714	0.0554	9379.271182681883	0.08162957356578333	-0.010061524812483605	0.007742903614847777	0.08486424764735377	-0.10809034128927536
9877.315673828125	1.0	247.0	8796.632967122396	9993.45775013771	-0.1599	0.0453	0.0149	0.0167	0.0654	0.0537	9373.693426726173	0.009651873164283002	-0.049501366941028614	-0.05700006074505356	0.08045898516838298	0.016287119720656853
9812.970668247768	1.0	248.0	8801.40325578962	9992.621863575152	-0.1555	0.0425	0.0128	0.0196	0.0698	0.0703	9378.783788271523	0.1295718788451128	-0.07718672729254003	0.0717685399946827	0.05351214742851552	-0.06981268082458324
9852.671421595982	1.0	249.0	8793.55494588216	9987.864092001919	-0.1675	0.0506	0.02	0.0245	0.0352	0.08	9375.336505026606	-0.005320914612093357	-0.07621330089938805	-0.0430845119604262	0.05241794941656804	0.015701012277196204
9814.241594587054	1.0	250.0	8795.6219476609	9984.714252793425	-0.1477	0.0491	0.0139	0.0256	0.056	0.0706	9371.81167282311	0.013613528990371047	-0.033431721400437035	-0.03887644358036703	-0.07824933079551816	0.095694697411486
9816.59898158482	1.0	251.0	8797.503320603144	9989.28989045379	-0.1343	0.0345	0.0148	0.0182	0.0665	0.066	9362.265050876993	-0.025196254267310703	-0.10962359684405847	-0.06645201234101192	0.10091403692978784	0.11804168410411116
9807.43080357143	1.0	252.0	8784.996667189826	9988.548176436208	-0.1377	0.0327	0.0128	0.0148	0.0481	0.047	9378.692255001695	0.18226895769013687	-0.03739936699813771	0.04177872826519628	-0.039969246840598445	0.05086136487798929
9757.819405691964	1.0	253.0	8795.332738385881	9986.208645077935	-0.1346	0.0318	0.0042	0.0118	0.0363	0.0711	9371.779568714606	0.013276243736364195	0.02997150844689888	0.05383908972995979	0.08270814020986753	-0.11820050790475228
9837.676164899554	1.0	254.0	8784.67823399135	9983.440269485149	-0.1229	0.0277	0.0014	0.0107	0.0812	0.0665	9361.439745388363	-0.002501890194651841	-0.11676568567299261	0.04554534099346742	0.05676827799523035	0.02758335132106003
9792.677664620536	1.0	255.0	8784.798436046782	9980.11665810766	-0.1414	0.0186	0.0011	0.0121	0.0526	0.0699	9361.40014785678	-0.009511027692285078	-0.059628869280330066	-0.04046290034971258	0.06915235116156114	-0.03678554860536022
9840.803013392857	1.0	256.0	8788.467591203962	9989.015854032452	-0.1367	0.0245	0.0074	0.0151	0.0336	0.0661	9375.741647790433	0.06642696411095446	0.048929079349717956	0.1245737474278575	-0.004182303818361519	-0.08541497084906936
9859.994524274554	1.0	257.0	8795.836013648623	9983.392955465355	-0.1182	0.022	-0.0016	0.0102	0.0714	0.0643	9373.181689042878	-0.06969401812842517	0.10368679167747208	-0.09641414996744664	0.10883091686186908	-0.006933865157877255
9792.45982142857	1.0	258.0	8783.912707228888	9988.846609661427	-0.1425	0.0318	-0.0	0.0163	0.0618	0.0661	9371.677524633056	-0.029616850519059875	0.0483624232037684	-0.023543402043845803	0.024509357063824264	-0.018195648730618734
9846.452950613839	1.0	259.0	8792.469520205543	9994.486695301932	-0.1459	0.0266	0.0043	0.0092	0.0606	0.0588	9383.064208246522	-0.05801164146794599	0.04564752169161062	0.03174167390033248	0.06034556053493207	-0.0017429061225946103
9834.439208984375	1.0	260.0	8792.45765032087	9993.929488591304	-0.1564	0.0368	0.0102	0.0168	0.0653	0.0704	9375.251609920302	-0.12073480884507608	-0.004264795299384163	0.017754626437488524	0.09085916014074961	0.005164324082969979
